timestamp,price,url,destination
2025-03-14 18:53:27.897540,3021,https://www.kayak.com.br/flights/ORY-FLN/2025-09-03?sort=price_a,ORY-FLN
2025-03-14 18:54:01.318208,2792,https://www.kayak.com.br/flights/ORY-SAO/2025-09-03?sort=price_a,ORY-SAO
2025-03-14 18:54:34.523503,2207,https://www.kayak.com.br/flights/MAD-SAO/2025-09-03?sort=price_a,MAD-SAO
2025-03-14 18:55:07.668819,2300,https://www.kayak.com.br/flights/MAD-FLN/2025-09-03?sort=price_a,MAD-FLN
2025-03-14 18:55:40.372797,3021,https://www.kayak.com.br/flights/ORY-FLN/2025-09-04?sort=price_a,ORY-FLN
2025-03-14 18:56:13.427269,2638,https://www.kayak.com.br/flights/ORY-SAO/2025-09-04?sort=price_a,ORY-SAO
2025-03-14 18:56:46.480348,2188,https://www.kayak.com.br/flights/MAD-SAO/2025-09-04?sort=price_a,MAD-SAO
2025-03-14 18:57:19.780602,2300,https://www.kayak.com.br/flights/MAD-FLN/2025-09-04?sort=price_a,MAD-FLN
2025-03-14 18:57:52.922450,3021,https://www.kayak.com.br/flights/ORY-FLN/2025-09-05?sort=price_a,ORY-FLN
2025-03-14 18:58:26.026359,2638,https://www.kayak.com.br/flights/ORY-SAO/2025-09-05?sort=price_a,ORY-SAO
2025-03-14 18:59:00.288987,2522,https://www.kayak.com.br/flights/MAD-SAO/2025-09-05?sort=price_a,MAD-SAO
2025-03-14 18:59:34.254406,3266,https://www.kayak.com.br/flights/MAD-FLN/2025-09-05?sort=price_a,MAD-FLN
2025-03-14 19:00:07.496608,3021,https://www.kayak.com.br/flights/ORY-FLN/2025-09-06?sort=price_a,ORY-FLN
2025-03-14 19:00:40.570978,2638,https://www.kayak.com.br/flights/ORY-SAO/2025-09-06?sort=price_a,ORY-SAO
2025-03-14 19:01:13.735040,2207,https://www.kayak.com.br/flights/MAD-SAO/2025-09-06?sort=price_a,MAD-SAO
2025-03-14 19:01:47.163315,2300,https://www.kayak.com.br/flights/MAD-FLN/2025-09-06?sort=price_a,MAD-FLN
2025-03-14 19:02:20.328713,3021,https://www.kayak.com.br/flights/ORY-FLN/2025-09-07?sort=price_a,ORY-FLN
2025-03-14 19:02:54.105466,2638,https://www.kayak.com.br/flights/ORY-SAO/2025-09-07?sort=price_a,ORY-SAO
2025-03-14 19:03:27.655975,2197,https://www.kayak.com.br/flights/MAD-SAO/2025-09-07?sort=price_a,MAD-SAO
2025-03-14 19:04:01.022381,2300,https://www.kayak.com.br/flights/MAD-FLN/2025-09-07?sort=price_a,MAD-FLN
2025-03-15 03:17:18.654377,3029,https://www.kayak.com.br/flights/ORY-FLN/2025-09-03?sort=price_a,ORY-FLN
2025-03-15 03:17:52.394835,2777,https://www.kayak.com.br/flights/ORY-SAO/2025-09-03?sort=price_a,ORY-SAO
2025-03-15 03:18:30.027791,2206,https://www.kayak.com.br/flights/MAD-SAO/2025-09-03?sort=price_a,MAD-SAO
2025-03-15 03:19:03.164847,2306,https://www.kayak.com.br/flights/MAD-FLN/2025-09-03?sort=price_a,MAD-FLN
2025-03-15 03:19:36.645167,3029,https://www.kayak.com.br/flights/ORY-FLN/2025-09-04?sort=price_a,ORY-FLN
2025-03-15 03:20:09.896362,2638,https://www.kayak.com.br/flights/ORY-SAO/2025-09-04?sort=price_a,ORY-SAO
2025-03-15 03:20:43.133353,2188,https://www.kayak.com.br/flights/MAD-SAO/2025-09-04?sort=price_a,MAD-SAO
2025-03-15 03:21:16.963795,2306,https://www.kayak.com.br/flights/MAD-FLN/2025-09-04?sort=price_a,MAD-FLN
2025-03-15 03:21:50.197463,3029,https://www.kayak.com.br/flights/ORY-FLN/2025-09-05?sort=price_a,ORY-FLN
2025-03-15 03:22:23.938214,2638,https://www.kayak.com.br/flights/ORY-SAO/2025-09-05?sort=price_a,ORY-SAO
2025-03-15 03:22:57.270476,2509,https://www.kayak.com.br/flights/MAD-SAO/2025-09-05?sort=price_a,MAD-SAO
2025-03-15 03:23:31.224421,3248,https://www.kayak.com.br/flights/MAD-FLN/2025-09-05?sort=price_a,MAD-FLN
2025-03-15 03:24:04.742423,3029,https://www.kayak.com.br/flights/ORY-FLN/2025-09-06?sort=price_a,ORY-FLN
2025-03-15 03:24:38.455702,2638,https://www.kayak.com.br/flights/ORY-SAO/2025-09-06?sort=price_a,ORY-SAO
2025-03-15 03:25:11.801388,2206,https://www.kayak.com.br/flights/MAD-SAO/2025-09-06?sort=price_a,MAD-SAO
2025-03-15 03:25:45.955530,2306,https://www.kayak.com.br/flights/MAD-FLN/2025-09-06?sort=price_a,MAD-FLN
2025-03-15 03:26:19.491750,3029,https://www.kayak.com.br/flights/ORY-FLN/2025-09-07?sort=price_a,ORY-FLN
2025-03-15 03:26:52.872966,2638,https://www.kayak.com.br/flights/ORY-SAO/2025-09-07?sort=price_a,ORY-SAO
2025-03-15 03:27:26.736963,2185,https://www.kayak.com.br/flights/MAD-SAO/2025-09-07?sort=price_a,MAD-SAO
2025-03-15 03:28:00.364040,2306,https://www.kayak.com.br/flights/MAD-FLN/2025-09-07?sort=price_a,MAD-FLN
2025-03-15 11:41:29.065011,3028,https://www.kayak.com.br/flights/ORY-FLN/2025-09-03?sort=price_a,ORY-FLN
2025-03-15 11:42:02.094805,2777,https://www.kayak.com.br/flights/ORY-SAO/2025-09-03?sort=price_a,ORY-SAO
2025-03-15 11:42:34.999493,2164,https://www.kayak.com.br/flights/MAD-SAO/2025-09-03?sort=price_a,MAD-SAO
2025-03-15 11:43:08.012267,2306,https://www.kayak.com.br/flights/MAD-FLN/2025-09-03?sort=price_a,MAD-FLN
2025-03-15 11:43:41.319435,3028,https://www.kayak.com.br/flights/ORY-FLN/2025-09-04?sort=price_a,ORY-FLN
2025-03-15 11:44:14.083938,2638,https://www.kayak.com.br/flights/ORY-SAO/2025-09-04?sort=price_a,ORY-SAO
2025-03-15 11:44:47.345418,2164,https://www.kayak.com.br/flights/MAD-SAO/2025-09-04?sort=price_a,MAD-SAO
2025-03-15 11:45:20.691940,2306,https://www.kayak.com.br/flights/MAD-FLN/2025-09-04?sort=price_a,MAD-FLN
2025-03-15 11:45:53.618624,3185,https://www.kayak.com.br/flights/ORY-FLN/2025-09-05?sort=price_a,ORY-FLN
2025-03-15 11:46:27.658760,2638,https://www.kayak.com.br/flights/ORY-SAO/2025-09-05?sort=price_a,ORY-SAO
2025-03-15 11:47:01.422476,2509,https://www.kayak.com.br/flights/MAD-SAO/2025-09-05?sort=price_a,MAD-SAO
2025-03-15 11:47:34.770223,3248,https://www.kayak.com.br/flights/MAD-FLN/2025-09-05?sort=price_a,MAD-FLN
2025-03-15 11:48:08.095847,3028,https://www.kayak.com.br/flights/ORY-FLN/2025-09-06?sort=price_a,ORY-FLN
2025-03-15 11:48:41.131696,2638,https://www.kayak.com.br/flights/ORY-SAO/2025-09-06?sort=price_a,ORY-SAO
2025-03-15 11:49:14.196030,2164,https://www.kayak.com.br/flights/MAD-SAO/2025-09-06?sort=price_a,MAD-SAO
2025-03-15 11:49:47.542156,2306,https://www.kayak.com.br/flights/MAD-FLN/2025-09-06?sort=price_a,MAD-FLN
2025-03-15 11:50:20.414024,3028,https://www.kayak.com.br/flights/ORY-FLN/2025-09-07?sort=price_a,ORY-FLN
2025-03-15 11:50:53.452276,2638,https://www.kayak.com.br/flights/ORY-SAO/2025-09-07?sort=price_a,ORY-SAO
2025-03-15 11:51:26.951155,2185,https://www.kayak.com.br/flights/MAD-SAO/2025-09-07?sort=price_a,MAD-SAO
2025-03-15 11:52:00.415271,2306,https://www.kayak.com.br/flights/MAD-FLN/2025-09-07?sort=price_a,MAD-FLN
2025-03-15 20:06:49.801301,3029,https://www.kayak.com.br/flights/ORY-FLN/2025-09-03?sort=price_a,ORY-FLN
2025-03-15 20:07:22.943199,2777,https://www.kayak.com.br/flights/ORY-SAO/2025-09-03?sort=price_a,ORY-SAO
2025-03-15 20:07:56.604299,2164,https://www.kayak.com.br/flights/MAD-SAO/2025-09-03?sort=price_a,MAD-SAO
2025-03-15 20:08:30.192462,2306,https://www.kayak.com.br/flights/MAD-FLN/2025-09-03?sort=price_a,MAD-FLN
2025-03-15 20:09:03.330286,3029,https://www.kayak.com.br/flights/ORY-FLN/2025-09-04?sort=price_a,ORY-FLN
2025-03-15 20:09:36.288652,2638,https://www.kayak.com.br/flights/ORY-SAO/2025-09-04?sort=price_a,ORY-SAO
2025-03-15 20:10:09.231267,2206,https://www.kayak.com.br/flights/MAD-SAO/2025-09-04?sort=price_a,MAD-SAO
2025-03-15 20:10:43.232299,2306,https://www.kayak.com.br/flights/MAD-FLN/2025-09-04?sort=price_a,MAD-FLN
2025-03-15 20:11:16.737904,3029,https://www.kayak.com.br/flights/ORY-FLN/2025-09-05?sort=price_a,ORY-FLN
2025-03-15 20:11:50.050954,2638,https://www.kayak.com.br/flights/ORY-SAO/2025-09-05?sort=price_a,ORY-SAO
2025-03-15 20:12:23.653406,2509,https://www.kayak.com.br/flights/MAD-SAO/2025-09-05?sort=price_a,MAD-SAO
2025-03-15 20:12:56.960388,3248,https://www.kayak.com.br/flights/MAD-FLN/2025-09-05?sort=price_a,MAD-FLN
2025-03-15 20:13:30.311328,3029,https://www.kayak.com.br/flights/ORY-FLN/2025-09-06?sort=price_a,ORY-FLN
2025-03-15 20:14:03.120296,2638,https://www.kayak.com.br/flights/ORY-SAO/2025-09-06?sort=price_a,ORY-SAO
2025-03-15 20:14:36.617317,2164,https://www.kayak.com.br/flights/MAD-SAO/2025-09-06?sort=price_a,MAD-SAO
2025-03-15 20:15:09.928813,2306,https://www.kayak.com.br/flights/MAD-FLN/2025-09-06?sort=price_a,MAD-FLN
2025-03-15 20:15:43.140019,3029,https://www.kayak.com.br/flights/ORY-FLN/2025-09-07?sort=price_a,ORY-FLN
2025-03-15 20:16:17.125558,2638,https://www.kayak.com.br/flights/ORY-SAO/2025-09-07?sort=price_a,ORY-SAO
2025-03-15 20:16:50.649850,2185,https://www.kayak.com.br/flights/MAD-SAO/2025-09-07?sort=price_a,MAD-SAO
2025-03-15 20:17:24.030584,2306,https://www.kayak.com.br/flights/MAD-FLN/2025-09-07?sort=price_a,MAD-FLN
2025-03-16 04:30:58.202456,3029,https://www.kayak.com.br/flights/ORY-FLN/2025-09-03?sort=price_a,ORY-FLN
2025-03-16 04:31:31.846137,2777,https://www.kayak.com.br/flights/ORY-SAO/2025-09-03?sort=price_a,ORY-SAO
2025-03-16 04:32:05.524550,2164,https://www.kayak.com.br/flights/MAD-SAO/2025-09-03?sort=price_a,MAD-SAO
2025-03-16 04:32:38.636296,2306,https://www.kayak.com.br/flights/MAD-FLN/2025-09-03?sort=price_a,MAD-FLN
2025-03-16 04:33:12.107040,3029,https://www.kayak.com.br/flights/ORY-FLN/2025-09-04?sort=price_a,ORY-FLN
2025-03-16 04:33:45.692946,2638,https://www.kayak.com.br/flights/ORY-SAO/2025-09-04?sort=price_a,ORY-SAO
2025-03-16 04:34:19.412114,2164,https://www.kayak.com.br/flights/MAD-SAO/2025-09-04?sort=price_a,MAD-SAO
2025-03-16 04:34:52.458627,2306,https://www.kayak.com.br/flights/MAD-FLN/2025-09-04?sort=price_a,MAD-FLN
2025-03-16 04:35:25.779991,3029,https://www.kayak.com.br/flights/ORY-FLN/2025-09-05?sort=price_a,ORY-FLN
2025-03-16 04:35:59.142520,2777,https://www.kayak.com.br/flights/ORY-SAO/2025-09-05?sort=price_a,ORY-SAO
2025-03-16 04:36:32.369330,2509,https://www.kayak.com.br/flights/MAD-SAO/2025-09-05?sort=price_a,MAD-SAO
2025-03-16 04:37:06.276577,3248,https://www.kayak.com.br/flights/MAD-FLN/2025-09-05?sort=price_a,MAD-FLN
2025-03-16 04:37:39.992455,3029,https://www.kayak.com.br/flights/ORY-FLN/2025-09-06?sort=price_a,ORY-FLN
2025-03-16 04:38:13.149493,2638,https://www.kayak.com.br/flights/ORY-SAO/2025-09-06?sort=price_a,ORY-SAO
2025-03-16 04:38:46.613849,2164,https://www.kayak.com.br/flights/MAD-SAO/2025-09-06?sort=price_a,MAD-SAO
2025-03-16 04:39:20.156151,2306,https://www.kayak.com.br/flights/MAD-FLN/2025-09-06?sort=price_a,MAD-FLN
2025-03-16 04:39:53.167544,3029,https://www.kayak.com.br/flights/ORY-FLN/2025-09-07?sort=price_a,ORY-FLN
2025-03-16 04:40:26.611692,2853,https://www.kayak.com.br/flights/ORY-SAO/2025-09-07?sort=price_a,ORY-SAO
2025-03-16 04:41:00.544589,2185,https://www.kayak.com.br/flights/MAD-SAO/2025-09-07?sort=price_a,MAD-SAO
2025-03-16 04:41:34.296006,2306,https://www.kayak.com.br/flights/MAD-FLN/2025-09-07?sort=price_a,MAD-FLN
2025-03-16 12:54:56.771506,3029,https://www.kayak.com.br/flights/ORY-FLN/2025-09-03?sort=price_a,ORY-FLN
2025-03-16 12:55:30.642528,2645,https://www.kayak.com.br/flights/ORY-SAO/2025-09-03?sort=price_a,ORY-SAO
2025-03-16 12:56:04.497702,2206,https://www.kayak.com.br/flights/MAD-SAO/2025-09-03?sort=price_a,MAD-SAO
2025-03-16 12:56:38.275790,2306,https://www.kayak.com.br/flights/MAD-FLN/2025-09-03?sort=price_a,MAD-FLN
2025-03-16 12:57:11.837290,3029,https://www.kayak.com.br/flights/ORY-FLN/2025-09-04?sort=price_a,ORY-FLN
2025-03-16 12:57:45.123009,2638,https://www.kayak.com.br/flights/ORY-SAO/2025-09-04?sort=price_a,ORY-SAO
2025-03-16 12:58:18.652251,2206,https://www.kayak.com.br/flights/MAD-SAO/2025-09-04?sort=price_a,MAD-SAO
2025-03-16 12:58:52.304251,2306,https://www.kayak.com.br/flights/MAD-FLN/2025-09-04?sort=price_a,MAD-FLN
2025-03-16 12:59:25.350888,3029,https://www.kayak.com.br/flights/ORY-FLN/2025-09-05?sort=price_a,ORY-FLN
2025-03-16 12:59:59.091566,2644,https://www.kayak.com.br/flights/ORY-SAO/2025-09-05?sort=price_a,ORY-SAO
2025-03-16 13:00:32.704890,2509,https://www.kayak.com.br/flights/MAD-SAO/2025-09-05?sort=price_a,MAD-SAO
2025-03-16 13:01:06.542857,3248,https://www.kayak.com.br/flights/MAD-FLN/2025-09-05?sort=price_a,MAD-FLN
2025-03-16 13:01:39.993365,3029,https://www.kayak.com.br/flights/ORY-FLN/2025-09-06?sort=price_a,ORY-FLN
2025-03-16 13:02:13.392218,2638,https://www.kayak.com.br/flights/ORY-SAO/2025-09-06?sort=price_a,ORY-SAO
2025-03-16 13:02:46.856439,2164,https://www.kayak.com.br/flights/MAD-SAO/2025-09-06?sort=price_a,MAD-SAO
2025-03-16 13:03:20.557365,2306,https://www.kayak.com.br/flights/MAD-FLN/2025-09-06?sort=price_a,MAD-FLN
2025-03-16 13:03:54.227499,3029,https://www.kayak.com.br/flights/ORY-FLN/2025-09-07?sort=price_a,ORY-FLN
2025-03-16 13:04:28.476345,2853,https://www.kayak.com.br/flights/ORY-SAO/2025-09-07?sort=price_a,ORY-SAO
2025-03-16 13:05:02.479069,2185,https://www.kayak.com.br/flights/MAD-SAO/2025-09-07?sort=price_a,MAD-SAO
2025-03-16 13:05:36.194124,2306,https://www.kayak.com.br/flights/MAD-FLN/2025-09-07?sort=price_a,MAD-FLN
2025-03-16 21:18:56.164312,3028,https://www.kayak.com.br/flights/ORY-FLN/2025-09-03?sort=price_a,ORY-FLN
2025-03-16 21:19:29.501478,2645,https://www.kayak.com.br/flights/ORY-SAO/2025-09-03?sort=price_a,ORY-SAO
2025-03-16 21:20:02.872408,2206,https://www.kayak.com.br/flights/MAD-SAO/2025-09-03?sort=price_a,MAD-SAO
2025-03-16 21:20:36.131477,2306,https://www.kayak.com.br/flights/MAD-FLN/2025-09-03?sort=price_a,MAD-FLN
2025-03-16 21:21:09.473441,3028,https://www.kayak.com.br/flights/ORY-FLN/2025-09-04?sort=price_a,ORY-FLN
2025-03-16 21:21:42.861463,2680,https://www.kayak.com.br/flights/ORY-SAO/2025-09-04?sort=price_a,ORY-SAO
2025-03-16 21:22:16.514524,2164,https://www.kayak.com.br/flights/MAD-SAO/2025-09-04?sort=price_a,MAD-SAO
2025-03-16 21:22:49.970931,2306,https://www.kayak.com.br/flights/MAD-FLN/2025-09-04?sort=price_a,MAD-FLN
2025-03-16 21:23:23.153385,3028,https://www.kayak.com.br/flights/ORY-FLN/2025-09-05?sort=price_a,ORY-FLN
2025-03-16 21:23:56.173366,2645,https://www.kayak.com.br/flights/ORY-SAO/2025-09-05?sort=price_a,ORY-SAO
2025-03-16 21:24:29.611155,2509,https://www.kayak.com.br/flights/MAD-SAO/2025-09-05?sort=price_a,MAD-SAO
2025-03-16 21:25:03.324026,3248,https://www.kayak.com.br/flights/MAD-FLN/2025-09-05?sort=price_a,MAD-FLN
2025-03-16 21:25:36.456996,3028,https://www.kayak.com.br/flights/ORY-FLN/2025-09-06?sort=price_a,ORY-FLN
2025-03-16 21:26:09.540470,2638,https://www.kayak.com.br/flights/ORY-SAO/2025-09-06?sort=price_a,ORY-SAO
2025-03-16 21:26:43.218611,2164,https://www.kayak.com.br/flights/MAD-SAO/2025-09-06?sort=price_a,MAD-SAO
2025-03-16 21:27:16.938448,2306,https://www.kayak.com.br/flights/MAD-FLN/2025-09-06?sort=price_a,MAD-FLN
2025-03-16 21:27:50.058562,3028,https://www.kayak.com.br/flights/ORY-FLN/2025-09-07?sort=price_a,ORY-FLN
2025-03-16 21:28:23.792608,2853,https://www.kayak.com.br/flights/ORY-SAO/2025-09-07?sort=price_a,ORY-SAO
2025-03-16 21:28:57.213061,2185,https://www.kayak.com.br/flights/MAD-SAO/2025-09-07?sort=price_a,MAD-SAO
2025-03-16 21:29:30.723660,2306,https://www.kayak.com.br/flights/MAD-FLN/2025-09-07?sort=price_a,MAD-FLN
2025-03-17 05:43:53.367821,3032,https://www.kayak.com.br/flights/ORY-FLN/2025-09-03?sort=price_a,ORY-FLN
2025-03-17 05:44:26.662929,2645,https://www.kayak.com.br/flights/ORY-SAO/2025-09-03?sort=price_a,ORY-SAO
2025-03-17 05:45:00.308768,2164,https://www.kayak.com.br/flights/MAD-SAO/2025-09-03?sort=price_a,MAD-SAO
2025-03-17 05:45:33.473335,2309,https://www.kayak.com.br/flights/MAD-FLN/2025-09-03?sort=price_a,MAD-FLN
2025-03-17 05:46:06.696103,3032,https://www.kayak.com.br/flights/ORY-FLN/2025-09-04?sort=price_a,ORY-FLN
2025-03-17 05:46:40.848463,2645,https://www.kayak.com.br/flights/ORY-SAO/2025-09-04?sort=price_a,ORY-SAO
2025-03-17 05:47:15.109889,2164,https://www.kayak.com.br/flights/MAD-SAO/2025-09-04?sort=price_a,MAD-SAO
2025-03-17 05:47:48.891708,2309,https://www.kayak.com.br/flights/MAD-FLN/2025-09-04?sort=price_a,MAD-FLN
2025-03-17 05:48:22.695232,3032,https://www.kayak.com.br/flights/ORY-FLN/2025-09-05?sort=price_a,ORY-FLN
2025-03-17 05:48:56.074142,2645,https://www.kayak.com.br/flights/ORY-SAO/2025-09-05?sort=price_a,ORY-SAO
2025-03-17 05:49:29.658984,2509,https://www.kayak.com.br/flights/MAD-SAO/2025-09-05?sort=price_a,MAD-SAO
2025-03-17 05:50:03.351281,3248,https://www.kayak.com.br/flights/MAD-FLN/2025-09-05?sort=price_a,MAD-FLN
2025-03-17 05:50:36.969636,3032,https://www.kayak.com.br/flights/ORY-FLN/2025-09-06?sort=price_a,ORY-FLN
2025-03-17 05:51:10.509366,2677,https://www.kayak.com.br/flights/ORY-SAO/2025-09-06?sort=price_a,ORY-SAO
2025-03-17 05:51:45.031275,2206,https://www.kayak.com.br/flights/MAD-SAO/2025-09-06?sort=price_a,MAD-SAO
2025-03-17 05:52:18.567108,2309,https://www.kayak.com.br/flights/MAD-FLN/2025-09-06?sort=price_a,MAD-FLN
2025-03-17 05:52:52.164274,3032,https://www.kayak.com.br/flights/ORY-FLN/2025-09-07?sort=price_a,ORY-FLN
2025-03-17 05:53:25.743830,2853,https://www.kayak.com.br/flights/ORY-SAO/2025-09-07?sort=price_a,ORY-SAO
2025-03-17 05:53:59.150700,2185,https://www.kayak.com.br/flights/MAD-SAO/2025-09-07?sort=price_a,MAD-SAO
2025-03-17 05:54:32.579335,2309,https://www.kayak.com.br/flights/MAD-FLN/2025-09-07?sort=price_a,MAD-FLN
2025-03-17 14:08:30.557326,2999,https://www.kayak.com.br/flights/ORY-FLN/2025-09-03?sort=price_a,ORY-FLN
2025-03-17 14:09:03.982268,2646,https://www.kayak.com.br/flights/ORY-SAO/2025-09-03?sort=price_a,ORY-SAO
2025-03-17 14:09:37.668927,2164,https://www.kayak.com.br/flights/MAD-SAO/2025-09-03?sort=price_a,MAD-SAO
2025-03-17 14:10:10.684713,2283,https://www.kayak.com.br/flights/MAD-FLN/2025-09-03?sort=price_a,MAD-FLN
2025-03-17 14:10:44.980485,2999,https://www.kayak.com.br/flights/ORY-FLN/2025-09-04?sort=price_a,ORY-FLN
2025-03-17 14:11:18.637383,2646,https://www.kayak.com.br/flights/ORY-SAO/2025-09-04?sort=price_a,ORY-SAO
2025-03-17 14:11:51.854060,2164,https://www.kayak.com.br/flights/MAD-SAO/2025-09-04?sort=price_a,MAD-SAO
2025-03-17 14:12:25.546299,2283,https://www.kayak.com.br/flights/MAD-FLN/2025-09-04?sort=price_a,MAD-FLN
2025-03-17 14:12:58.965898,2999,https://www.kayak.com.br/flights/ORY-FLN/2025-09-05?sort=price_a,ORY-FLN
2025-03-17 14:13:32.542760,2646,https://www.kayak.com.br/flights/ORY-SAO/2025-09-05?sort=price_a,ORY-SAO
2025-03-17 14:14:05.922311,2509,https://www.kayak.com.br/flights/MAD-SAO/2025-09-05?sort=price_a,MAD-SAO
2025-03-17 14:14:39.760763,3248,https://www.kayak.com.br/flights/MAD-FLN/2025-09-05?sort=price_a,MAD-FLN
2025-03-17 14:15:13.021220,2997,https://www.kayak.com.br/flights/ORY-FLN/2025-09-06?sort=price_a,ORY-FLN
2025-03-17 14:15:46.825933,2677,https://www.kayak.com.br/flights/ORY-SAO/2025-09-06?sort=price_a,ORY-SAO
2025-03-17 14:16:20.126465,2164,https://www.kayak.com.br/flights/MAD-SAO/2025-09-06?sort=price_a,MAD-SAO
2025-03-17 14:16:53.631527,2282,https://www.kayak.com.br/flights/MAD-FLN/2025-09-06?sort=price_a,MAD-FLN
2025-03-17 14:17:27.627991,2997,https://www.kayak.com.br/flights/ORY-FLN/2025-09-07?sort=price_a,ORY-FLN
2025-03-17 14:18:01.054209,2853,https://www.kayak.com.br/flights/ORY-SAO/2025-09-07?sort=price_a,ORY-SAO
2025-03-17 14:18:33.854277,2185,https://www.kayak.com.br/flights/MAD-SAO/2025-09-07?sort=price_a,MAD-SAO
2025-03-17 14:19:07.279964,2282,https://www.kayak.com.br/flights/MAD-FLN/2025-09-07?sort=price_a,MAD-FLN
2025-03-17 22:32:24.430592,2997,https://www.kayak.com.br/flights/ORY-FLN/2025-09-03?sort=price_a,ORY-FLN
2025-03-17 22:32:58.340502,2646,https://www.kayak.com.br/flights/ORY-SAO/2025-09-03?sort=price_a,ORY-SAO
2025-03-17 22:33:31.315094,2164,https://www.kayak.com.br/flights/MAD-SAO/2025-09-03?sort=price_a,MAD-SAO
2025-03-17 22:34:04.354152,2282,https://www.kayak.com.br/flights/MAD-FLN/2025-09-03?sort=price_a,MAD-FLN
2025-03-17 22:34:38.493005,2997,https://www.kayak.com.br/flights/ORY-FLN/2025-09-04?sort=price_a,ORY-FLN
2025-03-17 22:35:12.266562,2646,https://www.kayak.com.br/flights/ORY-SAO/2025-09-04?sort=price_a,ORY-SAO
2025-03-17 22:35:45.863785,2164,https://www.kayak.com.br/flights/MAD-SAO/2025-09-04?sort=price_a,MAD-SAO
2025-03-17 22:36:19.422068,2282,https://www.kayak.com.br/flights/MAD-FLN/2025-09-04?sort=price_a,MAD-FLN
2025-03-17 22:36:52.421108,2997,https://www.kayak.com.br/flights/ORY-FLN/2025-09-05?sort=price_a,ORY-FLN
2025-03-17 22:37:26.085299,2646,https://www.kayak.com.br/flights/ORY-SAO/2025-09-05?sort=price_a,ORY-SAO
2025-03-17 22:37:59.296735,2495,https://www.kayak.com.br/flights/MAD-SAO/2025-09-05?sort=price_a,MAD-SAO
2025-03-17 22:38:33.026468,3248,https://www.kayak.com.br/flights/MAD-FLN/2025-09-05?sort=price_a,MAD-FLN
2025-03-17 22:39:06.049490,2997,https://www.kayak.com.br/flights/ORY-FLN/2025-09-06?sort=price_a,ORY-FLN
2025-03-17 22:39:39.085920,2677,https://www.kayak.com.br/flights/ORY-SAO/2025-09-06?sort=price_a,ORY-SAO
2025-03-17 22:40:12.570460,2164,https://www.kayak.com.br/flights/MAD-SAO/2025-09-06?sort=price_a,MAD-SAO
2025-03-17 22:40:46.692477,2282,https://www.kayak.com.br/flights/MAD-FLN/2025-09-06?sort=price_a,MAD-FLN
2025-03-17 22:41:19.814810,2997,https://www.kayak.com.br/flights/ORY-FLN/2025-09-07?sort=price_a,ORY-FLN
2025-03-17 22:41:53.220100,2822,https://www.kayak.com.br/flights/ORY-SAO/2025-09-07?sort=price_a,ORY-SAO
2025-03-17 22:42:26.942448,2162,https://www.kayak.com.br/flights/MAD-SAO/2025-09-07?sort=price_a,MAD-SAO
2025-03-17 22:43:00.556652,2282,https://www.kayak.com.br/flights/MAD-FLN/2025-09-07?sort=price_a,MAD-FLN
2025-03-18 06:56:22.711092,3011,https://www.kayak.com.br/flights/ORY-FLN/2025-09-03?sort=price_a,ORY-FLN
2025-03-18 06:56:56.307316,2616,https://www.kayak.com.br/flights/ORY-SAO/2025-09-03?sort=price_a,ORY-SAO
2025-03-18 06:57:30.006201,2162,https://www.kayak.com.br/flights/MAD-SAO/2025-09-03?sort=price_a,MAD-SAO
2025-03-18 06:58:03.366464,2292,https://www.kayak.com.br/flights/MAD-FLN/2025-09-03?sort=price_a,MAD-FLN
2025-03-18 06:58:36.848381,3011,https://www.kayak.com.br/flights/ORY-FLN/2025-09-04?sort=price_a,ORY-FLN
2025-03-18 06:59:11.010058,2616,https://www.kayak.com.br/flights/ORY-SAO/2025-09-04?sort=price_a,ORY-SAO
2025-03-18 06:59:44.648064,2162,https://www.kayak.com.br/flights/MAD-SAO/2025-09-04?sort=price_a,MAD-SAO
2025-03-18 07:00:18.119104,2292,https://www.kayak.com.br/flights/MAD-FLN/2025-09-04?sort=price_a,MAD-FLN
2025-03-18 07:00:51.596597,3011,https://www.kayak.com.br/flights/ORY-FLN/2025-09-05?sort=price_a,ORY-FLN
2025-03-18 07:01:25.180596,2616,https://www.kayak.com.br/flights/ORY-SAO/2025-09-05?sort=price_a,ORY-SAO
2025-03-18 07:01:59.006894,2482,https://www.kayak.com.br/flights/MAD-SAO/2025-09-05?sort=price_a,MAD-SAO
2025-03-18 07:02:32.558739,3213,https://www.kayak.com.br/flights/MAD-FLN/2025-09-05?sort=price_a,MAD-FLN
2025-03-18 07:03:05.812595,3011,https://www.kayak.com.br/flights/ORY-FLN/2025-09-06?sort=price_a,ORY-FLN
2025-03-18 07:03:39.376837,2822,https://www.kayak.com.br/flights/ORY-SAO/2025-09-06?sort=price_a,ORY-SAO
2025-03-18 07:04:12.614861,2162,https://www.kayak.com.br/flights/MAD-SAO/2025-09-06?sort=price_a,MAD-SAO
2025-03-18 07:04:46.293467,2292,https://www.kayak.com.br/flights/MAD-FLN/2025-09-06?sort=price_a,MAD-FLN
2025-03-18 07:05:19.416200,3011,https://www.kayak.com.br/flights/ORY-FLN/2025-09-07?sort=price_a,ORY-FLN
2025-03-18 07:05:52.900063,2822,https://www.kayak.com.br/flights/ORY-SAO/2025-09-07?sort=price_a,ORY-SAO
2025-03-18 07:06:26.283573,2162,https://www.kayak.com.br/flights/MAD-SAO/2025-09-07?sort=price_a,MAD-SAO
2025-03-18 07:07:00.148158,2292,https://www.kayak.com.br/flights/MAD-FLN/2025-09-07?sort=price_a,MAD-FLN
2025-03-18 15:20:26.889247,3000,https://www.kayak.com.br/flights/ORY-FLN/2025-09-03?sort=price_a,ORY-FLN
2025-03-18 15:20:59.985045,2616,https://www.kayak.com.br/flights/ORY-SAO/2025-09-03?sort=price_a,ORY-SAO
2025-03-18 15:21:33.176170,2162,https://www.kayak.com.br/flights/MAD-SAO/2025-09-03?sort=price_a,MAD-SAO
2025-03-18 15:22:07.191897,2284,https://www.kayak.com.br/flights/MAD-FLN/2025-09-03?sort=price_a,MAD-FLN
2025-03-18 15:22:40.520418,3000,https://www.kayak.com.br/flights/ORY-FLN/2025-09-04?sort=price_a,ORY-FLN
2025-03-18 15:23:13.546070,2616,https://www.kayak.com.br/flights/ORY-SAO/2025-09-04?sort=price_a,ORY-SAO
2025-03-18 15:23:46.563143,2182,https://www.kayak.com.br/flights/MAD-SAO/2025-09-04?sort=price_a,MAD-SAO
2025-03-18 15:24:20.530150,2284,https://www.kayak.com.br/flights/MAD-FLN/2025-09-04?sort=price_a,MAD-FLN
2025-03-18 15:24:53.828463,3000,https://www.kayak.com.br/flights/ORY-FLN/2025-09-05?sort=price_a,ORY-FLN
2025-03-18 15:25:26.821399,2616,https://www.kayak.com.br/flights/ORY-SAO/2025-09-05?sort=price_a,ORY-SAO
2025-03-18 15:26:00.254422,2482,https://www.kayak.com.br/flights/MAD-SAO/2025-09-05?sort=price_a,MAD-SAO
2025-03-18 15:26:33.900627,3213,https://www.kayak.com.br/flights/MAD-FLN/2025-09-05?sort=price_a,MAD-FLN
2025-03-18 15:27:07.153896,3000,https://www.kayak.com.br/flights/ORY-FLN/2025-09-06?sort=price_a,ORY-FLN
2025-03-18 15:27:40.805548,2614,https://www.kayak.com.br/flights/ORY-SAO/2025-09-06?sort=price_a,ORY-SAO
2025-03-18 15:28:14.328588,2182,https://www.kayak.com.br/flights/MAD-SAO/2025-09-06?sort=price_a,MAD-SAO
2025-03-18 15:28:47.443788,2284,https://www.kayak.com.br/flights/MAD-FLN/2025-09-06?sort=price_a,MAD-FLN
2025-03-18 15:29:20.630664,3000,https://www.kayak.com.br/flights/ORY-FLN/2025-09-07?sort=price_a,ORY-FLN
2025-03-18 15:29:53.883061,2648,https://www.kayak.com.br/flights/ORY-SAO/2025-09-07?sort=price_a,ORY-SAO
2025-03-18 15:30:28.141239,2182,https://www.kayak.com.br/flights/MAD-SAO/2025-09-07?sort=price_a,MAD-SAO
2025-03-18 15:31:01.842412,2284,https://www.kayak.com.br/flights/MAD-FLN/2025-09-07?sort=price_a,MAD-FLN
2025-03-18 23:44:21.744328,3003,https://www.kayak.com.br/flights/ORY-FLN/2025-09-03?sort=price_a,ORY-FLN
2025-03-18 23:44:55.365254,2616,https://www.kayak.com.br/flights/ORY-SAO/2025-09-03?sort=price_a,ORY-SAO
2025-03-18 23:45:29.380472,2173,https://www.kayak.com.br/flights/MAD-SAO/2025-09-03?sort=price_a,MAD-SAO
2025-03-18 23:46:03.025003,2287,https://www.kayak.com.br/flights/MAD-FLN/2025-09-03?sort=price_a,MAD-FLN
2025-03-18 23:46:46.458120,3003,https://www.kayak.com.br/flights/ORY-FLN/2025-09-04?sort=price_a,ORY-FLN
2025-03-18 23:47:19.652733,2616,https://www.kayak.com.br/flights/ORY-SAO/2025-09-04?sort=price_a,ORY-SAO
2025-03-18 23:47:52.871537,2173,https://www.kayak.com.br/flights/MAD-SAO/2025-09-04?sort=price_a,MAD-SAO
2025-03-18 23:48:26.008498,2287,https://www.kayak.com.br/flights/MAD-FLN/2025-09-04?sort=price_a,MAD-FLN
2025-03-18 23:48:59.469695,3003,https://www.kayak.com.br/flights/ORY-FLN/2025-09-05?sort=price_a,ORY-FLN
2025-03-18 23:49:32.571418,2616,https://www.kayak.com.br/flights/ORY-SAO/2025-09-05?sort=price_a,ORY-SAO
2025-03-18 23:50:06.153012,2482,https://www.kayak.com.br/flights/MAD-SAO/2025-09-05?sort=price_a,MAD-SAO
2025-03-18 23:50:39.795295,3213,https://www.kayak.com.br/flights/MAD-FLN/2025-09-05?sort=price_a,MAD-FLN
2025-03-18 23:51:13.225314,3003,https://www.kayak.com.br/flights/ORY-FLN/2025-09-06?sort=price_a,ORY-FLN
2025-03-18 23:51:45.884485,2616,https://www.kayak.com.br/flights/ORY-SAO/2025-09-06?sort=price_a,ORY-SAO
2025-03-18 23:52:19.101590,2173,https://www.kayak.com.br/flights/MAD-SAO/2025-09-06?sort=price_a,MAD-SAO
2025-03-18 23:52:52.932898,2287,https://www.kayak.com.br/flights/MAD-FLN/2025-09-06?sort=price_a,MAD-FLN
2025-03-18 23:53:26.469290,3003,https://www.kayak.com.br/flights/ORY-FLN/2025-09-07?sort=price_a,ORY-FLN
2025-03-18 23:53:59.779387,2648,https://www.kayak.com.br/flights/ORY-SAO/2025-09-07?sort=price_a,ORY-SAO
2025-03-18 23:54:32.815341,2173,https://www.kayak.com.br/flights/MAD-SAO/2025-09-07?sort=price_a,MAD-SAO
2025-03-18 23:55:05.962512,2287,https://www.kayak.com.br/flights/MAD-FLN/2025-09-07?sort=price_a,MAD-FLN
2025-03-19 08:08:27.628774,3031,https://www.kayak.com.br/flights/ORY-FLN/2025-09-03?sort=price_a,ORY-FLN
2025-03-19 08:09:00.939310,2605,https://www.kayak.com.br/flights/ORY-SAO/2025-09-03?sort=price_a,ORY-SAO
2025-03-19 08:09:34.148463,2173,https://www.kayak.com.br/flights/MAD-SAO/2025-09-03?sort=price_a,MAD-SAO
2025-03-19 08:10:07.400121,2288,https://www.kayak.com.br/flights/MAD-FLN/2025-09-03?sort=price_a,MAD-FLN
2025-03-19 08:10:40.693637,3030,https://www.kayak.com.br/flights/ORY-FLN/2025-09-04?sort=price_a,ORY-FLN
2025-03-19 08:11:14.520360,2605,https://www.kayak.com.br/flights/ORY-SAO/2025-09-04?sort=price_a,ORY-SAO
2025-03-19 08:11:47.901773,2173,https://www.kayak.com.br/flights/MAD-SAO/2025-09-04?sort=price_a,MAD-SAO
2025-03-19 08:12:21.355933,2280,https://www.kayak.com.br/flights/MAD-FLN/2025-09-04?sort=price_a,MAD-FLN
2025-03-19 08:12:54.552455,3000,https://www.kayak.com.br/flights/ORY-FLN/2025-09-05?sort=price_a,ORY-FLN
2025-03-19 08:13:28.149539,2605,https://www.kayak.com.br/flights/ORY-SAO/2025-09-05?sort=price_a,ORY-SAO
2025-03-19 08:14:01.565839,2471,https://www.kayak.com.br/flights/MAD-SAO/2025-09-05?sort=price_a,MAD-SAO
2025-03-19 08:14:35.130317,3200,https://www.kayak.com.br/flights/MAD-FLN/2025-09-05?sort=price_a,MAD-FLN
2025-03-19 08:15:08.680401,3011,https://www.kayak.com.br/flights/ORY-FLN/2025-09-06?sort=price_a,ORY-FLN
2025-03-19 08:15:43.118900,2605,https://www.kayak.com.br/flights/ORY-SAO/2025-09-06?sort=price_a,ORY-SAO
2025-03-19 08:16:16.572615,2173,https://www.kayak.com.br/flights/MAD-SAO/2025-09-06?sort=price_a,MAD-SAO
2025-03-19 08:16:50.036141,2288,https://www.kayak.com.br/flights/MAD-FLN/2025-09-06?sort=price_a,MAD-FLN
2025-03-19 08:17:23.266549,3000,https://www.kayak.com.br/flights/ORY-FLN/2025-09-07?sort=price_a,ORY-FLN
2025-03-19 08:17:56.840971,2648,https://www.kayak.com.br/flights/ORY-SAO/2025-09-07?sort=price_a,ORY-SAO
2025-03-19 08:18:30.438437,2173,https://www.kayak.com.br/flights/MAD-SAO/2025-09-07?sort=price_a,MAD-SAO
2025-03-19 08:19:04.352754,2280,https://www.kayak.com.br/flights/MAD-FLN/2025-09-07?sort=price_a,MAD-FLN
2025-03-19 16:32:22.646276,2985,https://www.kayak.com.br/flights/ORY-FLN/2025-09-03?sort=price_a,ORY-FLN
2025-03-19 16:32:56.379913,2607,https://www.kayak.com.br/flights/ORY-SAO/2025-09-03?sort=price_a,ORY-SAO
2025-03-19 16:33:29.470409,2173,https://www.kayak.com.br/flights/MAD-SAO/2025-09-03?sort=price_a,MAD-SAO
2025-03-19 16:34:02.816595,2273,https://www.kayak.com.br/flights/MAD-FLN/2025-09-03?sort=price_a,MAD-FLN
2025-03-19 16:34:36.258979,2985,https://www.kayak.com.br/flights/ORY-FLN/2025-09-04?sort=price_a,ORY-FLN
2025-03-19 16:35:09.412200,2373,https://www.kayak.com.br/flights/ORY-SAO/2025-09-04?sort=price_a,ORY-SAO
2025-03-19 16:35:43.362996,2173,https://www.kayak.com.br/flights/MAD-SAO/2025-09-04?sort=price_a,MAD-SAO
2025-03-19 16:36:17.669597,2273,https://www.kayak.com.br/flights/MAD-FLN/2025-09-04?sort=price_a,MAD-FLN
2025-03-19 16:36:50.811534,3110,https://www.kayak.com.br/flights/ORY-FLN/2025-09-05?sort=price_a,ORY-FLN
2025-03-19 16:37:23.938792,2607,https://www.kayak.com.br/flights/ORY-SAO/2025-09-05?sort=price_a,ORY-SAO
2025-03-19 16:37:57.164016,2471,https://www.kayak.com.br/flights/MAD-SAO/2025-09-05?sort=price_a,MAD-SAO
2025-03-19 16:38:30.562319,3200,https://www.kayak.com.br/flights/MAD-FLN/2025-09-05?sort=price_a,MAD-FLN
2025-03-19 16:39:04.192524,2985,https://www.kayak.com.br/flights/ORY-FLN/2025-09-06?sort=price_a,ORY-FLN
2025-03-19 16:39:37.733366,2607,https://www.kayak.com.br/flights/ORY-SAO/2025-09-06?sort=price_a,ORY-SAO
2025-03-19 16:40:11.470679,2173,https://www.kayak.com.br/flights/MAD-SAO/2025-09-06?sort=price_a,MAD-SAO
2025-03-19 16:40:45.464601,2462,https://www.kayak.com.br/flights/MAD-FLN/2025-09-06?sort=price_a,MAD-FLN
2025-03-19 16:41:20.502940,3000,https://www.kayak.com.br/flights/ORY-FLN/2025-09-07?sort=price_a,ORY-FLN
2025-03-19 16:41:54.066662,2659,https://www.kayak.com.br/flights/ORY-SAO/2025-09-07?sort=price_a,ORY-SAO
2025-03-19 16:42:27.348728,2173,https://www.kayak.com.br/flights/MAD-SAO/2025-09-07?sort=price_a,MAD-SAO
2025-03-19 16:43:01.027514,2273,https://www.kayak.com.br/flights/MAD-FLN/2025-09-07?sort=price_a,MAD-FLN
2025-03-20 00:56:22.255551,2981,https://www.kayak.com.br/flights/ORY-FLN/2025-09-03?sort=price_a,ORY-FLN
2025-03-20 00:56:55.958233,2648,https://www.kayak.com.br/flights/ORY-SAO/2025-09-03?sort=price_a,ORY-SAO
2025-03-20 00:57:29.093069,2169,https://www.kayak.com.br/flights/MAD-SAO/2025-09-03?sort=price_a,MAD-SAO
2025-03-20 00:58:02.185030,2270,https://www.kayak.com.br/flights/MAD-FLN/2025-09-03?sort=price_a,MAD-FLN
2025-03-20 00:58:35.474920,2981,https://www.kayak.com.br/flights/ORY-FLN/2025-09-04?sort=price_a,ORY-FLN
2025-03-20 00:59:08.830258,2317,https://www.kayak.com.br/flights/ORY-SAO/2025-09-04?sort=price_a,ORY-SAO
2025-03-20 00:59:42.704096,2169,https://www.kayak.com.br/flights/MAD-SAO/2025-09-04?sort=price_a,MAD-SAO
2025-03-20 01:00:16.625526,2270,https://www.kayak.com.br/flights/MAD-FLN/2025-09-04?sort=price_a,MAD-FLN
2025-03-20 01:00:49.894889,3106,https://www.kayak.com.br/flights/ORY-FLN/2025-09-05?sort=price_a,ORY-FLN
2025-03-20 01:01:23.113035,2659,https://www.kayak.com.br/flights/ORY-SAO/2025-09-05?sort=price_a,ORY-SAO
2025-03-20 01:01:56.542889,2467,https://www.kayak.com.br/flights/MAD-SAO/2025-09-05?sort=price_a,MAD-SAO
2025-03-20 01:02:30.228570,3195,https://www.kayak.com.br/flights/MAD-FLN/2025-09-05?sort=price_a,MAD-FLN
2025-03-20 01:03:03.800291,2981,https://www.kayak.com.br/flights/ORY-FLN/2025-09-06?sort=price_a,ORY-FLN
2025-03-20 01:03:37.348812,2648,https://www.kayak.com.br/flights/ORY-SAO/2025-09-06?sort=price_a,ORY-SAO
2025-03-20 01:04:10.544611,2169,https://www.kayak.com.br/flights/MAD-SAO/2025-09-06?sort=price_a,MAD-SAO
2025-03-20 01:04:43.932631,2270,https://www.kayak.com.br/flights/MAD-FLN/2025-09-06?sort=price_a,MAD-FLN
2025-03-20 01:05:16.905018,3107,https://www.kayak.com.br/flights/ORY-FLN/2025-09-07?sort=price_a,ORY-FLN
2025-03-20 01:05:49.822785,2659,https://www.kayak.com.br/flights/ORY-SAO/2025-09-07?sort=price_a,ORY-SAO
2025-03-20 01:06:23.461881,2169,https://www.kayak.com.br/flights/MAD-SAO/2025-09-07?sort=price_a,MAD-SAO
2025-03-20 01:06:56.720297,2270,https://www.kayak.com.br/flights/MAD-FLN/2025-09-07?sort=price_a,MAD-FLN
2025-03-20 09:20:17.342320,2979,https://www.kayak.com.br/flights/ORY-FLN/2025-09-03?sort=price_a,ORY-FLN
2025-03-20 09:20:50.598281,2648,https://www.kayak.com.br/flights/ORY-SAO/2025-09-03?sort=price_a,ORY-SAO
2025-03-20 09:21:23.568274,2169,https://www.kayak.com.br/flights/MAD-SAO/2025-09-03?sort=price_a,MAD-SAO
2025-03-20 09:21:57.043299,2268,https://www.kayak.com.br/flights/MAD-FLN/2025-09-03?sort=price_a,MAD-FLN
2025-03-20 09:22:30.310200,2979,https://www.kayak.com.br/flights/ORY-FLN/2025-09-04?sort=price_a,ORY-FLN
2025-03-20 09:23:03.809771,2317,https://www.kayak.com.br/flights/ORY-SAO/2025-09-04?sort=price_a,ORY-SAO
2025-03-20 09:23:37.659095,2169,https://www.kayak.com.br/flights/MAD-SAO/2025-09-04?sort=price_a,MAD-SAO
2025-03-20 09:24:14.351843,2268,https://www.kayak.com.br/flights/MAD-FLN/2025-09-04?sort=price_a,MAD-FLN
2025-03-20 09:24:47.556016,3090,https://www.kayak.com.br/flights/ORY-FLN/2025-09-05?sort=price_a,ORY-FLN
2025-03-20 09:25:20.588970,2659,https://www.kayak.com.br/flights/ORY-SAO/2025-09-05?sort=price_a,ORY-SAO
2025-03-20 09:25:54.323318,2467,https://www.kayak.com.br/flights/MAD-SAO/2025-09-05?sort=price_a,MAD-SAO
2025-03-20 09:26:28.014404,3195,https://www.kayak.com.br/flights/MAD-FLN/2025-09-05?sort=price_a,MAD-FLN
2025-03-20 09:27:01.209424,2979,https://www.kayak.com.br/flights/ORY-FLN/2025-09-06?sort=price_a,ORY-FLN
2025-03-20 09:27:34.899256,2579,https://www.kayak.com.br/flights/ORY-SAO/2025-09-06?sort=price_a,ORY-SAO
2025-03-20 09:28:08.179227,2169,https://www.kayak.com.br/flights/MAD-SAO/2025-09-06?sort=price_a,MAD-SAO
2025-03-20 09:28:42.659019,2268,https://www.kayak.com.br/flights/MAD-FLN/2025-09-06?sort=price_a,MAD-FLN
2025-03-20 09:29:16.488508,3089,https://www.kayak.com.br/flights/ORY-FLN/2025-09-07?sort=price_a,ORY-FLN
2025-03-20 09:29:49.939831,2579,https://www.kayak.com.br/flights/ORY-SAO/2025-09-07?sort=price_a,ORY-SAO
2025-03-20 09:30:23.515169,2169,https://www.kayak.com.br/flights/MAD-SAO/2025-09-07?sort=price_a,MAD-SAO
2025-03-20 09:30:56.634004,2268,https://www.kayak.com.br/flights/MAD-FLN/2025-09-07?sort=price_a,MAD-FLN
2025-03-20 17:44:21.536150,2994,https://www.kayak.com.br/flights/ORY-FLN/2025-09-03?sort=price_a,ORY-FLN
2025-03-20 17:44:54.929710,2648,https://www.kayak.com.br/flights/ORY-SAO/2025-09-03?sort=price_a,ORY-SAO
2025-03-20 17:45:28.723031,2169,https://www.kayak.com.br/flights/MAD-SAO/2025-09-03?sort=price_a,MAD-SAO
2025-03-20 17:46:01.951760,2280,https://www.kayak.com.br/flights/MAD-FLN/2025-09-03?sort=price_a,MAD-FLN
2025-03-20 17:46:34.960544,2994,https://www.kayak.com.br/flights/ORY-FLN/2025-09-04?sort=price_a,ORY-FLN
2025-03-20 17:47:09.224297,2373,https://www.kayak.com.br/flights/ORY-SAO/2025-09-04?sort=price_a,ORY-SAO
2025-03-20 17:47:42.255278,2169,https://www.kayak.com.br/flights/MAD-SAO/2025-09-04?sort=price_a,MAD-SAO
2025-03-20 17:48:15.632508,2280,https://www.kayak.com.br/flights/MAD-FLN/2025-09-04?sort=price_a,MAD-FLN
2025-03-20 17:48:49.007732,2994,https://www.kayak.com.br/flights/ORY-FLN/2025-09-05?sort=price_a,ORY-FLN
2025-03-20 17:49:22.076365,2564,https://www.kayak.com.br/flights/ORY-SAO/2025-09-05?sort=price_a,ORY-SAO
2025-03-20 17:49:56.647712,2466,https://www.kayak.com.br/flights/MAD-SAO/2025-09-05?sort=price_a,MAD-SAO
2025-03-20 17:50:29.932724,2466,https://www.kayak.com.br/flights/MAD-FLN/2025-09-05?sort=price_a,MAD-FLN
2025-03-20 17:51:03.320474,2994,https://www.kayak.com.br/flights/ORY-FLN/2025-09-06?sort=price_a,ORY-FLN
2025-03-20 17:51:36.570719,2564,https://www.kayak.com.br/flights/ORY-SAO/2025-09-06?sort=price_a,ORY-SAO
2025-03-20 17:52:10.257998,2169,https://www.kayak.com.br/flights/MAD-SAO/2025-09-06?sort=price_a,MAD-SAO
2025-03-20 17:52:43.891354,2280,https://www.kayak.com.br/flights/MAD-FLN/2025-09-06?sort=price_a,MAD-FLN
2025-03-20 17:53:17.373675,2977,https://www.kayak.com.br/flights/ORY-FLN/2025-09-07?sort=price_a,ORY-FLN
2025-03-20 17:53:50.776257,2648,https://www.kayak.com.br/flights/ORY-SAO/2025-09-07?sort=price_a,ORY-SAO
2025-03-20 17:54:23.868440,2169,https://www.kayak.com.br/flights/MAD-SAO/2025-09-07?sort=price_a,MAD-SAO
2025-03-20 17:54:57.294937,2280,https://www.kayak.com.br/flights/MAD-FLN/2025-09-07?sort=price_a,MAD-FLN
2025-03-21 02:11:27.437936,2986,https://www.kayak.com.br/flights/ORY-FLN/2025-09-03?sort=price_a,ORY-FLN
2025-03-21 02:12:01.139851,2551,https://www.kayak.com.br/flights/ORY-SAO/2025-09-03?sort=price_a,ORY-SAO
2025-03-21 02:12:34.840890,2158,https://www.kayak.com.br/flights/MAD-SAO/2025-09-03?sort=price_a,MAD-SAO
2025-03-21 02:13:08.376515,2273,https://www.kayak.com.br/flights/MAD-FLN/2025-09-03?sort=price_a,MAD-FLN
2025-03-21 02:13:41.860539,2985,https://www.kayak.com.br/flights/ORY-FLN/2025-09-04?sort=price_a,ORY-FLN
2025-03-21 02:14:14.590298,2373,https://www.kayak.com.br/flights/ORY-SAO/2025-09-04?sort=price_a,ORY-SAO
2025-03-21 02:14:48.554043,2158,https://www.kayak.com.br/flights/MAD-SAO/2025-09-04?sort=price_a,MAD-SAO
2025-03-21 02:15:21.834636,2273,https://www.kayak.com.br/flights/MAD-FLN/2025-09-04?sort=price_a,MAD-FLN
2025-03-21 02:15:55.213098,2985,https://www.kayak.com.br/flights/ORY-FLN/2025-09-05?sort=price_a,ORY-FLN
2025-03-21 02:16:28.818430,2551,https://www.kayak.com.br/flights/ORY-SAO/2025-09-05?sort=price_a,ORY-SAO
2025-03-21 02:17:02.468542,2434,https://www.kayak.com.br/flights/MAD-SAO/2025-09-05?sort=price_a,MAD-SAO
2025-03-21 02:17:35.523188,2458,https://www.kayak.com.br/flights/MAD-FLN/2025-09-05?sort=price_a,MAD-FLN
2025-03-21 02:18:08.656927,2967,https://www.kayak.com.br/flights/ORY-FLN/2025-09-06?sort=price_a,ORY-FLN
2025-03-21 02:18:41.998698,2553,https://www.kayak.com.br/flights/ORY-SAO/2025-09-06?sort=price_a,ORY-SAO
2025-03-21 02:19:15.521665,2158,https://www.kayak.com.br/flights/MAD-SAO/2025-09-06?sort=price_a,MAD-SAO
2025-03-21 02:19:49.298194,2273,https://www.kayak.com.br/flights/MAD-FLN/2025-09-06?sort=price_a,MAD-FLN
2025-03-21 02:20:22.857221,2985,https://www.kayak.com.br/flights/ORY-FLN/2025-09-07?sort=price_a,ORY-FLN
2025-03-21 02:20:56.424370,2648,https://www.kayak.com.br/flights/ORY-SAO/2025-09-07?sort=price_a,ORY-SAO
2025-03-21 02:21:30.025223,2158,https://www.kayak.com.br/flights/MAD-SAO/2025-09-07?sort=price_a,MAD-SAO
2025-03-21 02:22:03.385892,2273,https://www.kayak.com.br/flights/MAD-FLN/2025-09-07?sort=price_a,MAD-FLN
2025-03-21 10:35:20.984053,2967,https://www.kayak.com.br/flights/ORY-FLN/2025-09-03?sort=price_a,ORY-FLN
2025-03-21 10:35:54.977191,2648,https://www.kayak.com.br/flights/ORY-SAO/2025-09-03?sort=price_a,ORY-SAO
2025-03-21 10:36:28.567864,2158,https://www.kayak.com.br/flights/MAD-SAO/2025-09-03?sort=price_a,MAD-SAO
2025-03-21 10:37:01.906780,2255,https://www.kayak.com.br/flights/MAD-FLN/2025-09-03?sort=price_a,MAD-FLN
2025-03-21 10:37:35.367840,2967,https://www.kayak.com.br/flights/ORY-FLN/2025-09-04?sort=price_a,ORY-FLN
2025-03-21 10:38:08.488263,2373,https://www.kayak.com.br/flights/ORY-SAO/2025-09-04?sort=price_a,ORY-SAO
2025-03-21 10:38:42.190901,2158,https://www.kayak.com.br/flights/MAD-SAO/2025-09-04?sort=price_a,MAD-SAO
2025-03-21 10:39:16.107400,2290,https://www.kayak.com.br/flights/MAD-FLN/2025-09-04?sort=price_a,MAD-FLN
2025-03-21 10:39:49.590717,2967,https://www.kayak.com.br/flights/ORY-FLN/2025-09-05?sort=price_a,ORY-FLN
2025-03-21 10:40:23.015276,2648,https://www.kayak.com.br/flights/ORY-SAO/2025-09-05?sort=price_a,ORY-SAO
2025-03-21 10:40:56.461133,2434,https://www.kayak.com.br/flights/MAD-SAO/2025-09-05?sort=price_a,MAD-SAO
2025-03-21 10:41:29.958981,2476,https://www.kayak.com.br/flights/MAD-FLN/2025-09-05?sort=price_a,MAD-FLN
2025-03-21 10:42:03.188713,2967,https://www.kayak.com.br/flights/ORY-FLN/2025-09-06?sort=price_a,ORY-FLN
2025-03-21 10:42:36.964778,2648,https://www.kayak.com.br/flights/ORY-SAO/2025-09-06?sort=price_a,ORY-SAO
2025-03-21 10:43:10.809676,2158,https://www.kayak.com.br/flights/MAD-SAO/2025-09-06?sort=price_a,MAD-SAO
2025-03-21 10:43:44.174733,2290,https://www.kayak.com.br/flights/MAD-FLN/2025-09-06?sort=price_a,MAD-FLN
2025-03-21 10:44:17.432789,3007,https://www.kayak.com.br/flights/ORY-FLN/2025-09-07?sort=price_a,ORY-FLN
2025-03-21 10:44:50.934984,2648,https://www.kayak.com.br/flights/ORY-SAO/2025-09-07?sort=price_a,ORY-SAO
2025-03-21 10:45:24.711606,2158,https://www.kayak.com.br/flights/MAD-SAO/2025-09-07?sort=price_a,MAD-SAO
2025-03-21 10:45:58.361002,2255,https://www.kayak.com.br/flights/MAD-FLN/2025-09-07?sort=price_a,MAD-FLN
2025-03-21 18:59:16.938735,3017,https://www.kayak.com.br/flights/ORY-FLN/2025-09-03?sort=price_a,ORY-FLN
2025-03-21 18:59:49.951316,2648,https://www.kayak.com.br/flights/ORY-SAO/2025-09-03?sort=price_a,ORY-SAO
2025-03-21 19:00:27.693557,2158,https://www.kayak.com.br/flights/MAD-SAO/2025-09-03?sort=price_a,MAD-SAO
2025-03-21 19:01:01.429891,2297,https://www.kayak.com.br/flights/MAD-FLN/2025-09-03?sort=price_a,MAD-FLN
2025-03-21 19:01:34.724348,2967,https://www.kayak.com.br/flights/ORY-FLN/2025-09-04?sort=price_a,ORY-FLN
2025-03-21 19:02:08.259517,2373,https://www.kayak.com.br/flights/ORY-SAO/2025-09-04?sort=price_a,ORY-SAO
2025-03-21 19:02:41.819933,2158,https://www.kayak.com.br/flights/MAD-SAO/2025-09-04?sort=price_a,MAD-SAO
2025-03-21 19:03:15.372248,2297,https://www.kayak.com.br/flights/MAD-FLN/2025-09-04?sort=price_a,MAD-FLN
2025-03-21 19:03:48.554418,3017,https://www.kayak.com.br/flights/ORY-FLN/2025-09-05?sort=price_a,ORY-FLN
2025-03-21 19:04:21.935100,2648,https://www.kayak.com.br/flights/ORY-SAO/2025-09-05?sort=price_a,ORY-SAO
2025-03-21 19:04:55.533954,2434,https://www.kayak.com.br/flights/MAD-SAO/2025-09-05?sort=price_a,MAD-SAO
2025-03-21 19:05:29.122293,2443,https://www.kayak.com.br/flights/MAD-FLN/2025-09-05?sort=price_a,MAD-FLN
2025-03-21 19:06:02.469534,3017,https://www.kayak.com.br/flights/ORY-FLN/2025-09-06?sort=price_a,ORY-FLN
2025-03-21 19:06:35.533254,2648,https://www.kayak.com.br/flights/ORY-SAO/2025-09-06?sort=price_a,ORY-SAO
2025-03-21 19:07:09.823332,2158,https://www.kayak.com.br/flights/MAD-SAO/2025-09-06?sort=price_a,MAD-SAO
2025-03-21 19:07:43.787241,2297,https://www.kayak.com.br/flights/MAD-FLN/2025-09-06?sort=price_a,MAD-FLN
2025-03-21 19:08:16.815865,2967,https://www.kayak.com.br/flights/ORY-FLN/2025-09-07?sort=price_a,ORY-FLN
2025-03-21 19:08:50.014304,2648,https://www.kayak.com.br/flights/ORY-SAO/2025-09-07?sort=price_a,ORY-SAO
2025-03-21 19:09:23.704160,2158,https://www.kayak.com.br/flights/MAD-SAO/2025-09-07?sort=price_a,MAD-SAO
2025-03-21 19:09:57.339418,2255,https://www.kayak.com.br/flights/MAD-FLN/2025-09-07?sort=price_a,MAD-FLN
2025-03-22 03:23:17.215092,3005,https://www.kayak.com.br/flights/ORY-FLN/2025-09-03?sort=price_a,ORY-FLN
2025-03-22 03:23:50.092421,2629,https://www.kayak.com.br/flights/ORY-SAO/2025-09-03?sort=price_a,ORY-SAO
2025-03-22 03:24:23.911458,2149,https://www.kayak.com.br/flights/MAD-SAO/2025-09-03?sort=price_a,MAD-SAO
2025-03-22 03:24:56.989169,2271,https://www.kayak.com.br/flights/MAD-FLN/2025-09-03?sort=price_a,MAD-FLN
2025-03-22 03:25:31.131067,2988,https://www.kayak.com.br/flights/ORY-FLN/2025-09-04?sort=price_a,ORY-FLN
2025-03-22 03:26:04.561874,2353,https://www.kayak.com.br/flights/ORY-SAO/2025-09-04?sort=price_a,ORY-SAO
2025-03-22 03:26:38.361404,2149,https://www.kayak.com.br/flights/MAD-SAO/2025-09-04?sort=price_a,MAD-SAO
2025-03-22 03:27:12.484955,2288,https://www.kayak.com.br/flights/MAD-FLN/2025-09-04?sort=price_a,MAD-FLN
2025-03-22 03:27:45.790389,3005,https://www.kayak.com.br/flights/ORY-FLN/2025-09-05?sort=price_a,ORY-FLN
2025-03-22 03:28:19.371216,2629,https://www.kayak.com.br/flights/ORY-SAO/2025-09-05?sort=price_a,ORY-SAO
2025-03-22 03:28:52.663295,2423,https://www.kayak.com.br/flights/MAD-SAO/2025-09-05?sort=price_a,MAD-SAO
2025-03-22 03:29:26.355059,2474,https://www.kayak.com.br/flights/MAD-FLN/2025-09-05?sort=price_a,MAD-FLN
2025-03-22 03:29:59.831428,3005,https://www.kayak.com.br/flights/ORY-FLN/2025-09-06?sort=price_a,ORY-FLN
2025-03-22 03:30:33.251711,2629,https://www.kayak.com.br/flights/ORY-SAO/2025-09-06?sort=price_a,ORY-SAO
2025-03-22 03:31:06.712875,2149,https://www.kayak.com.br/flights/MAD-SAO/2025-09-06?sort=price_a,MAD-SAO
2025-03-22 03:31:40.342250,2288,https://www.kayak.com.br/flights/MAD-FLN/2025-09-06?sort=price_a,MAD-FLN
2025-03-22 03:32:13.539406,3005,https://www.kayak.com.br/flights/ORY-FLN/2025-09-07?sort=price_a,ORY-FLN
2025-03-22 03:32:47.037564,2629,https://www.kayak.com.br/flights/ORY-SAO/2025-09-07?sort=price_a,ORY-SAO
2025-03-22 03:33:20.704348,2149,https://www.kayak.com.br/flights/MAD-SAO/2025-09-07?sort=price_a,MAD-SAO
2025-03-22 03:33:54.286000,2271,https://www.kayak.com.br/flights/MAD-FLN/2025-09-07?sort=price_a,MAD-FLN
2025-03-22 11:47:17.815678,2988,https://www.kayak.com.br/flights/ORY-FLN/2025-09-03?sort=price_a,ORY-FLN
2025-03-22 11:47:51.619237,2561,https://www.kayak.com.br/flights/ORY-SAO/2025-09-03?sort=price_a,ORY-SAO
2025-03-22 11:48:25.363330,2149,https://www.kayak.com.br/flights/MAD-SAO/2025-09-03?sort=price_a,MAD-SAO
2025-03-22 11:48:58.663811,2271,https://www.kayak.com.br/flights/MAD-FLN/2025-09-03?sort=price_a,MAD-FLN
2025-03-22 11:49:32.100808,3005,https://www.kayak.com.br/flights/ORY-FLN/2025-09-04?sort=price_a,ORY-FLN
2025-03-22 11:50:05.612002,2299,https://www.kayak.com.br/flights/ORY-SAO/2025-09-04?sort=price_a,ORY-SAO
2025-03-22 11:50:39.306803,2149,https://www.kayak.com.br/flights/MAD-SAO/2025-09-04?sort=price_a,MAD-SAO
2025-03-22 11:51:12.900899,2271,https://www.kayak.com.br/flights/MAD-FLN/2025-09-04?sort=price_a,MAD-FLN
2025-03-22 11:51:46.248372,2988,https://www.kayak.com.br/flights/ORY-FLN/2025-09-05?sort=price_a,ORY-FLN
2025-03-22 11:52:19.693993,2561,https://www.kayak.com.br/flights/ORY-SAO/2025-09-05?sort=price_a,ORY-SAO
2025-03-22 11:52:53.296074,2423,https://www.kayak.com.br/flights/MAD-SAO/2025-09-05?sort=price_a,MAD-SAO
2025-03-22 11:53:27.014269,2460,https://www.kayak.com.br/flights/MAD-FLN/2025-09-05?sort=price_a,MAD-FLN
2025-03-22 11:54:00.114000,3005,https://www.kayak.com.br/flights/ORY-FLN/2025-09-06?sort=price_a,ORY-FLN
2025-03-22 11:54:33.343267,2629,https://www.kayak.com.br/flights/ORY-SAO/2025-09-06?sort=price_a,ORY-SAO
2025-03-22 11:55:06.898765,2149,https://www.kayak.com.br/flights/MAD-SAO/2025-09-06?sort=price_a,MAD-SAO
2025-03-22 11:55:40.421768,2271,https://www.kayak.com.br/flights/MAD-FLN/2025-09-06?sort=price_a,MAD-FLN
2025-03-22 11:56:14.435435,2988,https://www.kayak.com.br/flights/ORY-FLN/2025-09-07?sort=price_a,ORY-FLN
2025-03-22 11:56:47.795015,2629,https://www.kayak.com.br/flights/ORY-SAO/2025-09-07?sort=price_a,ORY-SAO
2025-03-22 11:57:21.742285,2149,https://www.kayak.com.br/flights/MAD-SAO/2025-09-07?sort=price_a,MAD-SAO
2025-03-22 11:57:55.233543,2271,https://www.kayak.com.br/flights/MAD-FLN/2025-09-07?sort=price_a,MAD-FLN
2025-03-22 20:11:23.439310,3005,https://www.kayak.com.br/flights/ORY-FLN/2025-09-03?sort=price_a,ORY-FLN
2025-03-22 20:11:56.774969,2629,https://www.kayak.com.br/flights/ORY-SAO/2025-09-03?sort=price_a,ORY-SAO
2025-03-22 20:12:30.653605,2149,https://www.kayak.com.br/flights/MAD-SAO/2025-09-03?sort=price_a,MAD-SAO
2025-03-22 20:13:04.309735,2271,https://www.kayak.com.br/flights/MAD-FLN/2025-09-03?sort=price_a,MAD-FLN
2025-03-22 20:13:37.727795,3005,https://www.kayak.com.br/flights/ORY-FLN/2025-09-04?sort=price_a,ORY-FLN
2025-03-22 20:14:11.313154,2299,https://www.kayak.com.br/flights/ORY-SAO/2025-09-04?sort=price_a,ORY-SAO
2025-03-22 20:14:44.188064,2149,https://www.kayak.com.br/flights/MAD-SAO/2025-09-04?sort=price_a,MAD-SAO
2025-03-22 20:15:17.470440,2271,https://www.kayak.com.br/flights/MAD-FLN/2025-09-04?sort=price_a,MAD-FLN
2025-03-22 20:15:50.948662,2988,https://www.kayak.com.br/flights/ORY-FLN/2025-09-05?sort=price_a,ORY-FLN
2025-03-22 20:16:24.289177,2561,https://www.kayak.com.br/flights/ORY-SAO/2025-09-05?sort=price_a,ORY-SAO
2025-03-22 20:16:57.608467,2424,https://www.kayak.com.br/flights/MAD-SAO/2025-09-05?sort=price_a,MAD-SAO
2025-03-22 20:17:31.408597,2474,https://www.kayak.com.br/flights/MAD-FLN/2025-09-05?sort=price_a,MAD-FLN
2025-03-22 20:18:04.759608,2988,https://www.kayak.com.br/flights/ORY-FLN/2025-09-06?sort=price_a,ORY-FLN
2025-03-22 20:18:38.535645,2561,https://www.kayak.com.br/flights/ORY-SAO/2025-09-06?sort=price_a,ORY-SAO
2025-03-22 20:19:12.305555,2149,https://www.kayak.com.br/flights/MAD-SAO/2025-09-06?sort=price_a,MAD-SAO
2025-03-22 20:19:46.119938,2271,https://www.kayak.com.br/flights/MAD-FLN/2025-09-06?sort=price_a,MAD-FLN
2025-03-22 20:20:19.531709,2988,https://www.kayak.com.br/flights/ORY-FLN/2025-09-07?sort=price_a,ORY-FLN
2025-03-22 20:20:53.166483,2561,https://www.kayak.com.br/flights/ORY-SAO/2025-09-07?sort=price_a,ORY-SAO
2025-03-22 20:21:26.672769,2149,https://www.kayak.com.br/flights/MAD-SAO/2025-09-07?sort=price_a,MAD-SAO
2025-03-22 20:22:00.305693,2271,https://www.kayak.com.br/flights/MAD-FLN/2025-09-07?sort=price_a,MAD-FLN
2025-03-23 04:35:18.153815,3005,https://www.kayak.com.br/flights/ORY-FLN/2025-09-03?sort=price_a,ORY-FLN
2025-03-23 04:35:51.983255,2629,https://www.kayak.com.br/flights/ORY-SAO/2025-09-03?sort=price_a,ORY-SAO
2025-03-23 04:36:25.596234,2149,https://www.kayak.com.br/flights/MAD-SAO/2025-09-03?sort=price_a,MAD-SAO
2025-03-23 04:36:59.366473,2271,https://www.kayak.com.br/flights/MAD-FLN/2025-09-03?sort=price_a,MAD-FLN
2025-03-23 04:37:32.385316,2988,https://www.kayak.com.br/flights/ORY-FLN/2025-09-04?sort=price_a,ORY-FLN
2025-03-23 04:38:06.013051,2353,https://www.kayak.com.br/flights/ORY-SAO/2025-09-04?sort=price_a,ORY-SAO
2025-03-23 04:38:39.315326,2149,https://www.kayak.com.br/flights/MAD-SAO/2025-09-04?sort=price_a,MAD-SAO
2025-03-23 04:39:12.624712,2288,https://www.kayak.com.br/flights/MAD-FLN/2025-09-04?sort=price_a,MAD-FLN
2025-03-23 04:39:45.714804,3005,https://www.kayak.com.br/flights/ORY-FLN/2025-09-05?sort=price_a,ORY-FLN
2025-03-23 04:40:19.350764,2678,https://www.kayak.com.br/flights/ORY-SAO/2025-09-05?sort=price_a,ORY-SAO
2025-03-23 04:40:52.930129,2424,https://www.kayak.com.br/flights/MAD-SAO/2025-09-05?sort=price_a,MAD-SAO
2025-03-23 04:41:26.277836,2460,https://www.kayak.com.br/flights/MAD-FLN/2025-09-05?sort=price_a,MAD-FLN
2025-03-23 04:41:59.863544,3005,https://www.kayak.com.br/flights/ORY-FLN/2025-09-06?sort=price_a,ORY-FLN
2025-03-23 04:42:33.151039,2629,https://www.kayak.com.br/flights/ORY-SAO/2025-09-06?sort=price_a,ORY-SAO
2025-03-23 04:43:06.498829,2149,https://www.kayak.com.br/flights/MAD-SAO/2025-09-06?sort=price_a,MAD-SAO
2025-03-23 04:43:40.064462,2288,https://www.kayak.com.br/flights/MAD-FLN/2025-09-06?sort=price_a,MAD-FLN
2025-03-23 04:44:13.669967,2988,https://www.kayak.com.br/flights/ORY-FLN/2025-09-07?sort=price_a,ORY-FLN
2025-03-23 04:44:46.748180,2629,https://www.kayak.com.br/flights/ORY-SAO/2025-09-07?sort=price_a,ORY-SAO
2025-03-23 04:45:20.059439,2149,https://www.kayak.com.br/flights/MAD-SAO/2025-09-07?sort=price_a,MAD-SAO
2025-03-23 04:45:53.461248,2271,https://www.kayak.com.br/flights/MAD-FLN/2025-09-07?sort=price_a,MAD-FLN
2025-03-23 12:59:09.891651,2988,https://www.kayak.com.br/flights/ORY-FLN/2025-09-03?sort=price_a,ORY-FLN
2025-03-23 12:59:42.897092,2629,https://www.kayak.com.br/flights/ORY-SAO/2025-09-03?sort=price_a,ORY-SAO
2025-03-23 13:00:16.828987,2149,https://www.kayak.com.br/flights/MAD-SAO/2025-09-03?sort=price_a,MAD-SAO
2025-03-23 13:00:49.903282,2288,https://www.kayak.com.br/flights/MAD-FLN/2025-09-03?sort=price_a,MAD-FLN
2025-03-23 13:01:22.986704,3005,https://www.kayak.com.br/flights/ORY-FLN/2025-09-04?sort=price_a,ORY-FLN
2025-03-23 13:01:56.226589,2353,https://www.kayak.com.br/flights/ORY-SAO/2025-09-04?sort=price_a,ORY-SAO
2025-03-23 13:02:29.581272,2149,https://www.kayak.com.br/flights/MAD-SAO/2025-09-04?sort=price_a,MAD-SAO
2025-03-23 13:03:02.859670,2271,https://www.kayak.com.br/flights/MAD-FLN/2025-09-04?sort=price_a,MAD-FLN
2025-03-23 13:03:36.192931,3005,https://www.kayak.com.br/flights/ORY-FLN/2025-09-05?sort=price_a,ORY-FLN
2025-03-23 13:04:09.453829,2629,https://www.kayak.com.br/flights/ORY-SAO/2025-09-05?sort=price_a,ORY-SAO
2025-03-23 13:04:43.036331,2424,https://www.kayak.com.br/flights/MAD-SAO/2025-09-05?sort=price_a,MAD-SAO
2025-03-23 13:05:15.952788,2460,https://www.kayak.com.br/flights/MAD-FLN/2025-09-05?sort=price_a,MAD-FLN
2025-03-23 13:05:49.562593,3005,https://www.kayak.com.br/flights/ORY-FLN/2025-09-06?sort=price_a,ORY-FLN
2025-03-23 13:06:22.609172,2629,https://www.kayak.com.br/flights/ORY-SAO/2025-09-06?sort=price_a,ORY-SAO
2025-03-23 13:06:55.895703,2149,https://www.kayak.com.br/flights/MAD-SAO/2025-09-06?sort=price_a,MAD-SAO
2025-03-23 13:07:28.831527,2288,https://www.kayak.com.br/flights/MAD-FLN/2025-09-06?sort=price_a,MAD-FLN
2025-03-23 13:08:02.071428,2988,https://www.kayak.com.br/flights/ORY-FLN/2025-09-07?sort=price_a,ORY-FLN
2025-03-23 13:08:35.318076,2629,https://www.kayak.com.br/flights/ORY-SAO/2025-09-07?sort=price_a,ORY-SAO
2025-03-23 13:09:09.073002,2149,https://www.kayak.com.br/flights/MAD-SAO/2025-09-07?sort=price_a,MAD-SAO
2025-03-23 13:09:42.416721,2271,https://www.kayak.com.br/flights/MAD-FLN/2025-09-07?sort=price_a,MAD-FLN
2025-03-23 21:23:01.542250,2988,https://www.kayak.com.br/flights/ORY-FLN/2025-09-03?sort=price_a,ORY-FLN
2025-03-23 21:23:34.652128,2561,https://www.kayak.com.br/flights/ORY-SAO/2025-09-03?sort=price_a,ORY-SAO
2025-03-23 21:24:08.579745,2149,https://www.kayak.com.br/flights/MAD-SAO/2025-09-03?sort=price_a,MAD-SAO
2025-03-23 21:24:42.667335,2288,https://www.kayak.com.br/flights/MAD-FLN/2025-09-03?sort=price_a,MAD-FLN
2025-03-23 21:25:15.955085,3005,https://www.kayak.com.br/flights/ORY-FLN/2025-09-04?sort=price_a,ORY-FLN
2025-03-23 21:25:49.053644,2353,https://www.kayak.com.br/flights/ORY-SAO/2025-09-04?sort=price_a,ORY-SAO
2025-03-23 21:26:23.207073,2149,https://www.kayak.com.br/flights/MAD-SAO/2025-09-04?sort=price_a,MAD-SAO
2025-03-23 21:26:56.968826,2271,https://www.kayak.com.br/flights/MAD-FLN/2025-09-04?sort=price_a,MAD-FLN
2025-03-23 21:27:30.266391,3005,https://www.kayak.com.br/flights/ORY-FLN/2025-09-05?sort=price_a,ORY-FLN
2025-03-23 21:28:04.104070,2561,https://www.kayak.com.br/flights/ORY-SAO/2025-09-05?sort=price_a,ORY-SAO
2025-03-23 21:28:37.697306,2424,https://www.kayak.com.br/flights/MAD-SAO/2025-09-05?sort=price_a,MAD-SAO
2025-03-23 21:29:11.254476,2474,https://www.kayak.com.br/flights/MAD-FLN/2025-09-05?sort=price_a,MAD-FLN
2025-03-23 21:29:44.903217,3005,https://www.kayak.com.br/flights/ORY-FLN/2025-09-06?sort=price_a,ORY-FLN
2025-03-23 21:30:18.062811,2561,https://www.kayak.com.br/flights/ORY-SAO/2025-09-06?sort=price_a,ORY-SAO
2025-03-23 21:30:51.427215,2149,https://www.kayak.com.br/flights/MAD-SAO/2025-09-06?sort=price_a,MAD-SAO
2025-03-23 21:31:24.968731,2288,https://www.kayak.com.br/flights/MAD-FLN/2025-09-06?sort=price_a,MAD-FLN
2025-03-23 21:31:58.231454,3005,https://www.kayak.com.br/flights/ORY-FLN/2025-09-07?sort=price_a,ORY-FLN
2025-03-23 21:32:31.622967,2629,https://www.kayak.com.br/flights/ORY-SAO/2025-09-07?sort=price_a,ORY-SAO
2025-03-23 21:33:05.121549,2149,https://www.kayak.com.br/flights/MAD-SAO/2025-09-07?sort=price_a,MAD-SAO
2025-03-23 21:33:38.475418,2271,https://www.kayak.com.br/flights/MAD-FLN/2025-09-07?sort=price_a,MAD-FLN
2025-03-24 05:47:01.469906,2988,https://www.kayak.com.br/flights/ORY-FLN/2025-09-03?sort=price_a,ORY-FLN
2025-03-24 05:47:35.098739,2561,https://www.kayak.com.br/flights/ORY-SAO/2025-09-03?sort=price_a,ORY-SAO
2025-03-24 05:48:08.853335,2149,https://www.kayak.com.br/flights/MAD-SAO/2025-09-03?sort=price_a,MAD-SAO
2025-03-24 05:48:41.714514,2271,https://www.kayak.com.br/flights/MAD-FLN/2025-09-03?sort=price_a,MAD-FLN
2025-03-24 05:49:15.076559,2988,https://www.kayak.com.br/flights/ORY-FLN/2025-09-04?sort=price_a,ORY-FLN
2025-03-24 05:51:10.181045,2149,https://www.kayak.com.br/flights/MAD-SAO/2025-09-04?sort=price_a,MAD-SAO
2025-03-24 05:51:44.147503,2271,https://www.kayak.com.br/flights/MAD-FLN/2025-09-04?sort=price_a,MAD-FLN
2025-03-24 05:52:17.400742,2988,https://www.kayak.com.br/flights/ORY-FLN/2025-09-05?sort=price_a,ORY-FLN
2025-03-24 05:52:50.889645,2629,https://www.kayak.com.br/flights/ORY-SAO/2025-09-05?sort=price_a,ORY-SAO
2025-03-24 05:53:24.571523,2424,https://www.kayak.com.br/flights/MAD-SAO/2025-09-05?sort=price_a,MAD-SAO
2025-03-24 05:53:57.793823,2476,https://www.kayak.com.br/flights/MAD-FLN/2025-09-05?sort=price_a,MAD-FLN
2025-03-24 05:54:31.270104,2988,https://www.kayak.com.br/flights/ORY-FLN/2025-09-06?sort=price_a,ORY-FLN
2025-03-24 05:55:05.179625,2561,https://www.kayak.com.br/flights/ORY-SAO/2025-09-06?sort=price_a,ORY-SAO
2025-03-24 05:55:38.684284,2149,https://www.kayak.com.br/flights/MAD-SAO/2025-09-06?sort=price_a,MAD-SAO
2025-03-24 05:56:12.184171,2290,https://www.kayak.com.br/flights/MAD-FLN/2025-09-06?sort=price_a,MAD-FLN
2025-03-24 05:56:45.401348,2988,https://www.kayak.com.br/flights/ORY-FLN/2025-09-07?sort=price_a,ORY-FLN
2025-03-24 05:57:18.709395,2629,https://www.kayak.com.br/flights/ORY-SAO/2025-09-07?sort=price_a,ORY-SAO
2025-03-24 05:57:52.071324,2149,https://www.kayak.com.br/flights/MAD-SAO/2025-09-07?sort=price_a,MAD-SAO
2025-03-24 05:58:25.599016,2271,https://www.kayak.com.br/flights/MAD-FLN/2025-09-07?sort=price_a,MAD-FLN
